scope,input,n,algo,millis,compares,moves,extraBytes,maxDepth,sorted,stable
kinds,random,4000,insertionSort,61.664,3950647,3950655,8,1,1,1
kinds,random,4000,bubbleSort,107.165,7997922,11828007,8,1,1,1
kinds,random,4000,blockSort,3.164,91071,346417,8,16,1,1
kinds,sorted,4000,insertionSort,0.018,3999,0,8,1,1,1
kinds,sorted,4000,bubbleSort,0.019,3999,0,8,1,1,1
kinds,sorted,4000,blockSort,0.019,3999,0,8,1,1,1
kinds,reversed,4000,insertionSort,125.075,8001999,8005998,8,1,1,1
kinds,reversed,4000,bubbleSort,170.388,7998000,23994000,8,1,1,1
kinds,reversed,4000,blockSort,2.398,72905,276198,8,24,1,1
kinds,few-unique,4000,insertionSort,55.224,3575497,3575032,8,1,1,1
kinds,few-unique,4000,bubbleSort,100.162,7867695,10703898,8,1,1,1
kinds,few-unique,4000,blockSort,1.928,52381,233568,8,21,1,1
growth,random,1000,insertionSort,3.97,255273,255280,8,1,1,1
growth,random,1000,bubbleSort,6.779,499094,759870,8,1,1,1
growth,random,1000,blockSort,0.585,18762,57300,8,14,1,1
growth,random,2000,insertionSort,15.35,998714,998721,8,1,1,1
growth,random,2000,bubbleSort,27.072,1998945,2984199,8,1,1,1
growth,random,2000,blockSort,1.358,41487,142551,8,15,1,1
growth,random,4000,insertionSort,62.413,3950647,3950655,8,1,1,1
growth,random,4000,bubbleSort,106.105,7997922,11828007,8,1,1,1
growth,random,4000,blockSort,3.234,91071,346417,8,16,1,1
growth,random,8000,insertionSort,248.97,15966683,15966691,8,1,1,1
growth,random,8000,bubbleSort,446.067,31982470,47852121,8,1,1,1
growth,random,8000,blockSort,7.4,197670,830075,8,18,1,1
